event_id,row_id,original_category,event_string,predicted_code,predicted_name,confidence,method
ae9c23bf-7f1c-4a1e-9b0e-cbafb7a1a344,0,OTHER,Phase: departure climb out. Actor: Captain. Trigger: airborne conflict with a Unmanned Aircraft System. System: Unmanned Aircraft System.,CFIT,"Inflight collision or near collision with terrain, water, or obstacle without indication of loss of control",0.45984137058258057,Embedding
eb39b688-b869-4039-9f3b-23627dddbd42,1,OTHER,Phase: low level. Actor: Pilot. Trigger: a helicopter. System: helicopter. Outcome: Near Mid Air Collision.,CFIT,"Inflight collision or near collision with terrain, water, or obstacle without indication of loss of control",0.49372056126594543,Embedding
e601bf5b-c0c5-410f-8e6f-cbc5d15f2035,2,OTHER,Phase: glide. Actor: First Officer. Trigger: selecting Level Change mode. Outcome: descending below the glide slope.,UNK,Unknown / Low Confidence,0.34123656153678894,Low Confidence
df004c71-9a32-43af-bd3b-ac5c95d44cb2,3,OTHER,"Phase: descent below glidepath on initial approach. Actor: Ground, Crew. Trigger: incorrect altimeter setting. System: altimeter setting. Outcome: Ground Proximity Warning.",LOC-G,Loss of control - ground,0.4454326033592224,Embedding
b0b210d6-1bd8-43a6-bed5-be78dbbaf215,4,OTHER,Phase: final approach for landing they had a near midair. Actor: Pilot. Trigger: near midair collision with another aircraft. Outcome: final approach for landing.,CFIT,"Inflight collision or near collision with terrain, water, or obstacle without indication of loss of control",0.4486998915672302,Embedding
4dcfe624-092a-4373-9fce-d4a4c68caa81,5,OTHER,"Actor: ATC, Pilot. Trigger: did not follow the assigned obstacle departure procedure. Outcome: ATC providing vectors to provide obstacle clearance.",UIMC,Unintended flight in IMC,0.45305758714675903,Embedding
5f01a890-d7e3-47de-914b-aadfa9eaafbb,6,OTHER,Phase: night. Actor: Pilot. Trigger: Controlled Flight Into Terrain incident. Outcome: Controlled Flight Into Terrain incident.,CFIT,"Inflight collision or near collision with terrain, water, or obstacle without indication of loss of control",0.4904925227165222,Embedding
82709d3d-ee33-4c31-9a57-401c1f56461f,7,OTHER,"Phase: descending. Actor: ATC, Controller. Trigger: descending an aircraft below the MVA. Outcome: the Controller issuing an immediate turn to avoid the terrain.",AMAN,Abrupt maneuvre,0.5147608518600464,Embedding
fbed12c0-b73e-4583-8190-d96fdb0d950f,8,OTHER,"Phase: VFR. Actor: Tower, Instructor. Trigger: an enroute VFR aircraft which was not communicating with Tower. System: VFR aircraft. Outcome: Near Mid Air Collision.",UIMC,Unintended flight in IMC,0.48470383882522583,Embedding
6a3c170f-7f8b-4cb2-b75e-c9e31ebcd5f7,9,OTHER,Phase: final approach. Actor: Pilot. Trigger: helicopter traffic. Outcome: pilot receiving an Traffic Advisory and reducing their descent rate to avoid the traffic.,LOC-I,Loss of control - inflight,0.451527863740921,Embedding
cacc2844-c3f4-4bf0-8ecd-4331c2ab41b4,10,OTHER,"Phase: approach. Actor: ATC, Crew, Captain. Trigger: low altitude alert. Outcome: Flight crew leveled off then continued approach.",AMAN,Abrupt maneuvre,0.42917853593826294,Embedding
62d7e50e-bd4d-44b3-90bf-8747ed6cf8ba,11,OTHER,"Phase: takeoff roll. Actor: ATC, Captain. Trigger: an aggressive sounding call. Outcome: rejected takeoff.",UNK,Unknown / Low Confidence,0.39675450325012207,Low Confidence
f543253c-5076-4e03-939c-60a701ec3265,12,OTHER,"Actor: Controller, Tower. Trigger: evacuation.",UNK,Unknown / Low Confidence,0.38532719016075134,Low Confidence
88073173-4f55-4494-8e95-a61b9b05335f,13,OTHER,Phase: international airspace. Actor: ATC. Outcome: the flight resumed contact with ATC.,UIMC,Unintended flight in IMC,0.44862568378448486,Embedding
784f8aa9-c3ef-411a-bf61-3cd5f72b5856,14,OTHER,Phase: light. Actor: Crew. Trigger: a light aircraft that apparently was not equipped with ADS-B. System: ADS-B. Outcome: Near Mid Air Collision.,MAC,"Airprox, ACAS alerts, loss of separation, near collisions between aircraft",0.4319702982902527,Embedding
b4a9bcaa-7ab4-4e36-9dbd-15e517c80fd7,15,OTHER,"Phase: approach. Actor: ATC, First Officer, Crew. Trigger: First Officer descended below assigned altitude. Outcome: low altitude alert.",UIMC,Unintended flight in IMC,0.4143487513065338,Embedding
dcf30fc8-af67-4b5e-a043-42f1c4b35238,16,OTHER,Phase: final approach. Actor: Instructor. Trigger: an aircraft on base leg for the same runway. Outcome: a Near Mid Air Collision with an aircraft on base leg for the same runway.,GCOL,Ground Collision,0.44087696075439453,Embedding
173df586-87c2-41f0-aa0d-bffdebfe2fff,17,OTHER,"Phase: final approach. Actor: Crew, Tower. Trigger: low altitude alert. Outcome: final approach.",UNK,Unknown / Low Confidence,0.3679688572883606,Low Confidence
92aa4d0a-2ee7-4d00-bfa3-9b382efc0eeb,18,OTHER,Phase: initial climb. Actor: Pilot. Trigger: airborne conflict with a Unmanned Aircraft System. System: Unmanned Aircraft System.,CFIT,"Inflight collision or near collision with terrain, water, or obstacle without indication of loss of control",0.4278159737586975,Embedding
3602eae0-8d00-45b5-bed6-62516884e6e4,19,OTHER,"Phase: final approach. Actor: First Officer, Captain. System: Unmanned Aircraft System. Outcome: the flight continued without incident.",UNK,Unknown / Low Confidence,0.3903900682926178,Low Confidence
06edc00b-790f-48bb-acd3-34f2caf0f576,20,OTHER,Phase: takeoff. Outcome: an Near Mid Air Collision requiring evasive action.,CFIT,"Inflight collision or near collision with terrain, water, or obstacle without indication of loss of control",0.515268087387085,Embedding
0879e095-6575-4c60-a497-57277c6184c9,21,OTHER,Phase: approach. Actor: Controller. Trigger: an aircraft on approach overshot a crossing restriction. Outcome: descended below the Minimum Vectoring Altitude.,WSTRW,Windshear or thunderstorm.,0.473965048789978,Embedding
857febd0-9be3-4288-beb7-1ceb492e7062,22,OTHER,"Phase: visual approach. Actor: ATC, Crew. Trigger: ATC loss of separation. System: ATC. Outcome: returned to land.",UIMC,Unintended flight in IMC,0.4465336203575134,Embedding
c5ea09db-0998-4de6-8f89-232807935549,23,OTHER,Phase: TFR. Actor: Pilot. Trigger: without authorization. System: Unmanned Aircraft System.,UIMC,Unintended flight in IMC,0.40981850028038025,Embedding
fdf68368-3c2a-4dde-8c51-f05de9cecd19,24,OTHER,"Phase: takeoff. Actor: Student, Instructor.",UNK,Unknown / Low Confidence,0.31066977977752686,Low Confidence
15510394-a35d-489f-a2d5-8a33ec8d86a5,25,OTHER,Phase: Approach. Actor: Instructor. Trigger: a helicopter. System: helicopter. Outcome: overtook them.,UNK,Unknown / Low Confidence,0.3843613862991333,Low Confidence
fd0fc8e3-fd18-4b09-b108-755a4cfe944a,26,OTHER,Phase: short final. Actor: Instructor. Trigger: near mid air collision. Outcome: going around.,TURB,Turbulence encounter,0.41487929224967957,Embedding
d86b00ed-a447-444c-a10a-b7b5e19c3cf4,27,OTHER,Phase: controlled airspace. Trigger: a Unmanned Aircraft System was flown in controlled airspace without authorization. System: Unmanned Aircraft System.,MAC,"Airprox, ACAS alerts, loss of separation, near collisions between aircraft",0.41156721115112305,Embedding
52ae47ac-d9c4-4381-9933-f783861af63a,28,OTHER,"Phase: approach. Actor: Controller, Pilot, Tower. Trigger: Controlled Flight Into Terrain event. System: lost situational awareness. Outcome: Controlled Flight Into Terrain event.",CFIT,"Inflight collision or near collision with terrain, water, or obstacle without indication of loss of control",0.5261914730072021,Embedding
1a11927d-a951-4a6f-98cc-434c9815000f,29,OTHER,Phase: hard landing. Actor: Maintenance. Trigger: aircraft made a hard landing. Outcome: injury and maintenance inspection.,ARC,Abnormal runway contact,0.4995947778224945,Embedding
e9ea38b0-0685-4c02-8c9b-7e4c87e1c27f,30,OTHER,Phase: controlled airspace. Actor: Pilot. System: Unmanned Aircraft System.,MAC,"Airprox, ACAS alerts, loss of separation, near collisions between aircraft",0.43007105588912964,Embedding
d5ddcf31-a6ae-466e-aeac-da538b82f956,31,OTHER,Actor: Pilot. Trigger: flying in a restricted area without authorization. System: Unmanned Aircraft System.,WSTRW,Windshear or thunderstorm.,0.4212891459465027,Embedding
9fd54814-892e-4553-9065-9753d747c708,32,OTHER,"Phase: go-around. Actor: First Officer, Pilot, Captain. Trigger: conflicting traffic. System: Traffic Collision Avoidance System. Outcome: The Captain; who was the pilot flying; decided to continue the approach.",TURB,Turbulence encounter,0.43598443269729614,Embedding
97ab4dc4-1fc6-4a44-8c9b-6d944d45244a,33,OTHER,Phase: cruise. Actor: Pilot. Trigger: an aircraft that was making 360 degree turns in their vicinity. Outcome: Near Mid Air Collision.,WSTRW,Windshear or thunderstorm.,0.42923885583877563,Embedding
96fe5180-d622-49a7-b91d-a9bfe8d18e5a,34,OTHER,Phase: final approach. Actor: Captain. System: Unmanned Aircraft System. Outcome: the flight continued without further incident.,UNK,Unknown / Low Confidence,0.38525640964508057,Low Confidence
76ffcba4-d96b-43f8-aa6c-e2b7758cc212,35,OTHER,Phase: recovery. Actor: Pilot. Trigger: GPS interference. System: GPS. Outcome: recovery.,UNK,Unknown / Low Confidence,0.3842547535896301,Low Confidence
9a431f26-4f3c-4058-b1dd-4aa39dd9fbea,36,OTHER,Phase: traffic pattern. Actor: Pilot. Trigger: Near Mid Air Collision in the traffic pattern. Outcome: Near Mid Air Collision.,MAC,"Airprox, ACAS alerts, loss of separation, near collisions between aircraft",0.5350984334945679,Embedding
abfadb50-8fda-4257-8f7c-1857c9b86ab0,37,OTHER,"Actor: ATC, Ground, Controller. Trigger: understaffing.",UNK,Unknown / Low Confidence,0.38260000944137573,Low Confidence
907ec745-41a2-482c-94cc-7858be613f0c,38,OTHER,Phase: landing. Trigger: conflict with his departure.,RE,Runway excursion,0.42543140053749084,Embedding
8603be57-5312-4999-9f35-49c8d1158c75,39,OTHER,Phase: below the minimum vectoring altitude. Actor: Controller. Trigger: misread the flight strip of a departing aircraft. Outcome: flying below the minimum vectoring altitude.,LOC-I,Loss of control - inflight,0.5092002749443054,Embedding
36272b7d-da4f-43eb-91e1-d6540b7ac4aa,40,OTHER,"Phase: descent. Actor: Crew, Tower. System: Traffic Collision Avoidance System. Outcome: Go-around.",CFIT,"Inflight collision or near collision with terrain, water, or obstacle without indication of loss of control",0.4811716675758362,Embedding
5b302ce3-1e77-45c1-a3d3-23ea1c8333d4,41,OTHER,Phase: final approach. Actor: Crew. Trigger: a helicopter flying beneath them. System: Traffic Collision Avoidance System Resolution Advisory. Outcome: a helicopter flying beneath them.,CFIT,"Inflight collision or near collision with terrain, water, or obstacle without indication of loss of control",0.4656316339969635,Embedding
0b76b9b0-b227-497f-89be-9981238b5966,42,OTHER,"Phase: Approach, Final Approach. Actor: Captain. Trigger: unshielded ramp lighting. Outcome: final approach.",UNK,Unknown / Low Confidence,0.33325886726379395,Low Confidence
0bc11e2e-52e6-46dd-9e39-ffdd792c1ec7,43,OTHER,"Phase: departure. Actor: Tower, Instructor. Trigger: after the tower had closed for the day. System: Near Mid Air Collision. Outcome: an Near Mid Air Collision.",CFIT,"Inflight collision or near collision with terrain, water, or obstacle without indication of loss of control",0.46320807933807373,Embedding
1982cf73-1919-48a7-be6a-a998b9e45020,44,OTHER,Phase: descended below published altitude. Actor: Controller. Trigger: Controlled Flight Into Terrain event. Outcome: low altitude alert and a Controlled Flight Into Terrain event.,CFIT,"Inflight collision or near collision with terrain, water, or obstacle without indication of loss of control",0.5165835022926331,Embedding
78af1be4-1f2b-4915-83a8-c956b07bd7e7,45,OTHER,Phase: Approach. Actor: First Officer. System: GPWS.,UNK,Unknown / Low Confidence,0.2914009094238281,Low Confidence
1f0c00fb-f2ea-403d-a907-eb90003ee5dc,46,OTHER,Phase: short final. Actor: First Officer. Trigger: low altitude alert. Outcome: landing safely.,LOC-I,Loss of control - inflight,0.4471041262149811,Embedding
f5464b3b-462c-479e-ade4-193716480d2a,47,OTHER,"Phase: Approach. Actor: ATC, Captain. Trigger: miscommunication with ATC. System: miscommunication with ATC.",AMAN,Abrupt maneuvre,0.4093082845211029,Embedding
f6c44180-8bd7-444b-849b-f969d749eb28,48,OTHER,Phase: approach. Actor: Controller. Trigger: aircraft descended below assigned altitude. Outcome: low altitude alert and a Controlled Flight Into Terrain event.,LOC-I,Loss of control - inflight,0.5107685327529907,Embedding
2ed8347a-81f5-4e2f-a929-32ed8320b05a,49,OTHER,Phase: traffic pattern. Actor: Instructor. Trigger: near mid air collision with departing aircraft. Outcome: near mid air collision.,MAC,"Airprox, ACAS alerts, loss of separation, near collisions between aircraft",0.5445113182067871,Embedding
48d0f056-c801-492a-9284-4406b823f1ec,50,OTHER,Phase: Part 107. Actor: Pilot. System: Unmanned Aircraft System. Outcome: The pilot immediately exited the controlled airspace.,MAC,"Airprox, ACAS alerts, loss of separation, near collisions between aircraft",0.4293903410434723,Embedding
d3129734-c982-4822-a9c3-b22096c2634e,51,OTHER,"Phase: midair. Actor: Pilot. Trigger: near midair collision with a jet aircraft. Outcome: Go-around, Collision.",CFIT,"Inflight collision or near collision with terrain, water, or obstacle without indication of loss of control",0.5045666694641113,Embedding
6fe7765d-0159-4a33-851b-e0b066f86197,52,OTHER,Phase: final approach. Actor: Pilot. Trigger: the turn-off lights. Outcome: final approach to JAX.,UNK,Unknown / Low Confidence,0.3003067374229431,Low Confidence
bc48392b-5dad-4059-b220-6278008602f8,53,OTHER,"Phase: VFR. Actor: Tower, Instructor. Trigger: two Near Mid Air Collision's. System: Near Mid Air Collision's. Outcome: Near Mid Air Collision.",MAC,"Airprox, ACAS alerts, loss of separation, near collisions between aircraft",0.4888426661491394,Embedding
7a1640e6-a888-4e46-96b9-b6333bc565f3,54,OTHER,"Phase: low altitude. Actor: Controller, Crew. System: TRACON Controller.",LOC-I,Loss of control - inflight,0.41603517532348633,Embedding
a121c4d6-f115-411a-a858-bdec3b6d0624,55,OTHER,Phase: Light. Actor: Pilot. Trigger: Near Mid Air Collision. Outcome: Near Mid Air Collision.,MAC,"Airprox, ACAS alerts, loss of separation, near collisions between aircraft",0.49864694476127625,Embedding
6fdd82c5-21a3-4ce3-bbed-d15eda3056aa,56,OTHER,Phase: landing roll-out. Actor: Instructor. Trigger: a small jet. Outcome: a small jet did a go-around overflying the instructor's aircraft.,LOC-I,Loss of control - inflight,0.4599481225013733,Embedding
582d9c9c-323f-4ebd-9709-ba8ad461ea21,57,OTHER,Phase: Low wing. Actor: Instructor. Trigger: Near Mid Air Collision event. System: Low wing aircraft. Outcome: Near Mid Air Collision event.,MAC,"Airprox, ACAS alerts, loss of separation, near collisions between aircraft",0.5157455205917358,Embedding
8bebee02-1c1a-4fef-8982-1f4a4a0fb182,58,OTHER,"Phase: landing. Actor: ATC, Pilot, Captain. Trigger: low altitude warning from ATC during an unstable approach in visual conditions. Outcome: returned for a landing.",UIMC,Unintended flight in IMC,0.5344049334526062,Embedding
0d379ebe-b54c-4ece-ae0a-43810699a7a5,59,OTHER,Phase: pattern. Actor: Instructor. Trigger: another aircraft was not allowing for spacing. System: another aircraft was not allowing for spacing. Outcome: the flight instructor taking evasive action to avoid a collision with the other aircraft.,AMAN,Abrupt maneuvre,0.4389616847038269,Embedding
652d0047-f04f-4a2c-af5f-261f9044a9f5,60,OTHER,Actor: Controller. Trigger: lack of sufficient radio coverage. System: Radio.,UNK,Unknown / Low Confidence,0.3494049608707428,Low Confidence
869a8675-d9f3-46ea-901b-3fc1bb0f72dc,61,OTHER,"Phase: final approach. Actor: ATC, Captain. Trigger: Conflict, Traffic. Outcome: the aircraft on the runway rejected their takeoff.",AMAN,Abrupt maneuvre,0.4417642056941986,Embedding
8ffd4280-94b7-4760-81e3-3c97fba788dd,62,OTHER,"Phase: final approach. Actor: ATC, Pilot. Outcome: final approach.",UNK,Unknown / Low Confidence,0.3640281558036804,Low Confidence
0665ad7c-1522-4290-b9d2-5a68d0370a8f,63,OTHER,Actor: Controller.,UNK,Unknown / Low Confidence,0.29713794589042664,Low Confidence
72a0e31d-e7a4-496a-b3c4-3a42dba3c432,64,OTHER,"Phase: training. Actor: ATC, Instructor. Outcome: Go-around, Near Miss.",UNK,Unknown / Low Confidence,0.3550626039505005,Low Confidence
17342abb-bbff-4922-b240-a9f0b7061146,65,OTHER,Phase: descended. Actor: Instructor.,UNK,Unknown / Low Confidence,0.29629242420196533,Low Confidence
fcedae62-f20c-4234-82e7-c0ed54498a20,66,OTHER,"Actor: ATC, Controller, Tower. Trigger: the Tower not following procedures. System: Tower.",UNK,Unknown / Low Confidence,0.28532674908638,Low Confidence
bbeed059-cc21-48ff-8895-dc6624397672,67,OTHER,Phase: final approach. Actor: Captain. Trigger: airborne conflict. System: Unmanned Aircraft System. Outcome: No evasive action was taken.,AMAN,Abrupt maneuvre,0.45760756731033325,Embedding
bd6abe1d-d7df-45b2-b533-1eab5f0c737f,68,OTHER,Phase: takeoff. Actor: Crew. Trigger: traffic conflict. System: Traffic Collision Avoidance System. Outcome: turned on course.,TURB,Turbulence encounter,0.46387261152267456,Embedding
6bd614c9-c22e-4ff9-9242-6537599d6f5a,69,OTHER,Phase: erratically. Actor: Pilot. Trigger: other aircraft flying erratically. Outcome: final approach.,TURB,Turbulence encounter,0.5194215178489685,Embedding
7611e9fc-45bf-44de-94f3-b13194a4f120,70,OTHER,Phase: final approach. Actor: Crew. Trigger: a Unmanned Aircraft System or balloon. System: Unmanned Aircraft System. Outcome: No evasive action was taken.,WSTRW,Windshear or thunderstorm.,0.4075414538383484,Embedding
56ad87d4-328a-4ded-b8cb-9742d04b68ef,71,OTHER,"Phase: Landing, Go-around. Actor: Crew. Trigger: GPWS terrain warning. System: GPWS. Outcome: returned for a normal landing.",WSTRW,Windshear or thunderstorm.,0.48484498262405396,Embedding
6c00d706-9061-4bbd-bee9-d5b547a86818,72,OTHER,"Phase: landing. Actor: Student, Pilot. Trigger: momentary loss of control. System: C172.",LOC-G,Loss of control - ground,0.49721866846084595,Embedding
6016c9cd-f439-4baf-b5ea-235cbdbc9a5a,73,OTHER,"Phase: Class C. Actor: ATC, Captain. Trigger: Traffic. System: Traffic Collision Avoidance System.",MAC,"Airprox, ACAS alerts, loss of separation, near collisions between aircraft",0.47244638204574585,Embedding
9c1e9364-f78b-48e2-b2c9-b6566627969d,74,OTHER,Phase: final approach. Actor: Pilot. Trigger: Traffic Collision Avoidance System Resolution Advisory. System: Traffic Collision Avoidance System. Outcome: Traffic Collision Avoidance System Resolution Advisory.,MAC,"Airprox, ACAS alerts, loss of separation, near collisions between aircraft",0.49037104845046997,Embedding
0f26d19b-a1e0-443a-8a2c-8faa7ca6572d,75,OTHER,"Phase: ground reference maneuvers. Actor: Ground, Pilot. Trigger: Traffic. Outcome: Near Mid Air Collision.",CFIT,"Inflight collision or near collision with terrain, water, or obstacle without indication of loss of control",0.5109132528305054,Embedding
26c61dfa-fc28-4f85-a3da-b1147f6dffa2,76,OTHER,Phase: final approach. Outcome: performed a go-around.,UNK,Unknown / Low Confidence,0.24422413110733032,Low Confidence
b946d636-2b59-457f-b6a6-fe9bc4e39b5c,77,OTHER,Phase: converging. Actor: Instructor. Trigger: Near Mid Air Collision event. Outcome: taking immediate evasive action and a Near Mid Air Collision event.,CFIT,"Inflight collision or near collision with terrain, water, or obstacle without indication of loss of control",0.5028399229049683,Embedding
72b3e1bf-7ff2-42d4-923a-c2f8e98b1696,78,OTHER,Phase: Departure. Actor: Controller.,UNK,Unknown / Low Confidence,0.3930675685405731,Low Confidence
53e9aa0a-9c36-411d-ab8e-6c4f5dc047f5,79,OTHER,Actor: Controller. Trigger: Near Mid Air Collision with another aircraft. Outcome: Near Mid Air Collision with another aircraft.,CFIT,"Inflight collision or near collision with terrain, water, or obstacle without indication of loss of control",0.5339231491088867,Embedding
ff151a51-4e4b-4786-86e4-986c51177533,80,OTHER,Phase: Approach. Actor: Captain. Trigger: hot air balloons. System: hot air balloons. Outcome: near miss.,UNK,Unknown / Low Confidence,0.3773095905780792,Low Confidence
0423aac0-3d48-48e8-a9d4-d97091619483,81,OTHER,"Phase: final. Actor: Student, Pilot. System: wrong aircraft. Outcome: a Near Mid Air Collision.",CFIT,"Inflight collision or near collision with terrain, water, or obstacle without indication of loss of control",0.44580572843551636,Embedding
92887ece-41a7-4b7b-9747-37f8b53c702c,82,OTHER,Phase: final. Actor: Pilot. Trigger: an aircraft turned onto final from a base leg in front of them. Outcome: Near Mid Air Collision.,UNK,Unknown / Low Confidence,0.3962399363517761,Low Confidence
cb6d16af-ab3a-4bb8-866f-c7a14f5d3054,83,OTHER,"Phase: night. Actor: First Officer, ATC. Trigger: a night visual approach being high and fast. Outcome: overshooting the final approach course.",UNK,Unknown / Low Confidence,0.389822781085968,Low Confidence
6c78fb06-f8ab-4f11-a8a7-fd060b38e048,84,OTHER,Phase: approach. Actor: Crew. Trigger: Near Mid Air Collision with a Unmanned Aircraft System. System: Unmanned Aircraft System. Outcome: No evasive action was taken.,CFIT,"Inflight collision or near collision with terrain, water, or obstacle without indication of loss of control",0.5055246949195862,Embedding
94c6087f-8487-4599-a730-c77a71b74208,85,OTHER,Actor: Pilot. Trigger: exceeding authorized altitude. System: Unmanned Aircraft System. Outcome: exceeding authorized altitude.,AMAN,Abrupt maneuvre,0.4328502416610718,Embedding
0ea36648-c368-40a0-9af8-656a5c3f79db,86,OTHER,"Phase: descended below their assigned altitude. Actor: ATC, Pilot. Trigger: descended below their assigned altitude. Outcome: descended below their assigned altitude.",UIMC,Unintended flight in IMC,0.4502381682395935,Embedding
cf021749-a8ed-4c68-9d33-a6ae65670f0b,87,OTHER,"Phase: cruise. Actor: Student, Pilot, Instructor. System: Unmanned Aircraft System. Outcome: Collision, Near Mid Air Collision.",CFIT,"Inflight collision or near collision with terrain, water, or obstacle without indication of loss of control",0.5028805732727051,Embedding
cd0bd28f-79ef-42fa-81dc-bf3d8ad987f0,88,OTHER,Phase: final. Actor: Instructor. Trigger: another aircraft turned from base leg to final in front of them. Outcome: another aircraft turned from base leg to final.,UNK,Unknown / Low Confidence,0.34178316593170166,Low Confidence
05f31f07-cda1-4d4c-96b9-c623f57b8d0e,89,OTHER,"Phase: VFR general aviation. Actor: ATC, Captain. Trigger: Traffic. System: VFR general aviation aircraft.",UIMC,Unintended flight in IMC,0.45548856258392334,Embedding
34ad82dd-5f0a-46d0-bc1d-ac6cc5c2038e,90,OTHER,"Phase: pilot flying. Actor: Pilot, Captain. Trigger: pilot flying failed to flare properly. System: pilot flying failed to flare properly. Outcome: hard landing.",TURB,Turbulence encounter,0.4733618497848511,Embedding
42d8e745-8c86-48e8-b64e-02eabedf320b,91,OTHER,Phase: night. Actor: Pilot. Trigger: near miss with a helicopter. System: helicopter. Outcome: Near Miss.,LOC-I,Loss of control - inflight,0.42234164476394653,Embedding
7395a25a-18c0-4a09-97c6-7b4669a827d3,92,OTHER,"Phase: training. Actor: Student, Instructor. Trigger: descending below minimum altitude. Outcome: descending below minimum altitude.",LOC-I,Loss of control - inflight,0.4228694438934326,Embedding
127c81c0-0a95-45ae-a2c2-4554274c963e,93,OTHER,Phase: landed. Actor: Pilot. Trigger: Near Mid Air Collision. Outcome: Near Mid Air Collision.,CFIT,"Inflight collision or near collision with terrain, water, or obstacle without indication of loss of control",0.527385413646698,Embedding
04d249cc-2ecc-41a5-990a-eec840e86b4d,94,OTHER,"Phase: VFR. Actor: First Officer, ATC. Outcome: lower.",UIMC,Unintended flight in IMC,0.41413769125938416,Embedding
665aec3d-bd51-4809-9b43-6a6b99210813,95,OTHER,"Phase: Corporate. Actor: ATC, Pilot. Trigger: descending below their assigned altitude. Outcome: descending below their assigned altitude.",LOC-I,Loss of control - inflight,0.4463382065296173,Embedding
27b13dbc-dac1-41a1-a468-63e1bd65425c,96,OTHER,Phase: descended below the Minimum Enroute Altitude. Actor: Controller. Trigger: they missed an erroneous altitude read back. Outcome: descended below the Minimum Enroute Altitude.,LOC-I,Loss of control - inflight,0.4678177237510681,Embedding
6614b275-0d35-4e77-ae79-caaa38c19776,97,OTHER,"Phase: practice approach. Actor: ATC, Instructor. Trigger: ATC advised them of traffic. Outcome: ATC then issuing an immediate climb.",UNK,Unknown / Low Confidence,0.33317136764526367,Low Confidence
a9b79ce6-e10b-4202-ab06-7151bc814384,98,OTHER,Actor: Pilot. Outcome: Near Mid Air Collision.,CFIT,"Inflight collision or near collision with terrain, water, or obstacle without indication of loss of control",0.4166679382324219,Embedding
c18fffb0-e2fc-402c-9b31-1bcd1eba9775,99,OTHER,Phase: on approach. Actor: Captain. Trigger: a balloon.,UNK,Unknown / Low Confidence,0.25723767280578613,Low Confidence
58d5c3c8-f50d-4603-8647-04c7d3d7f5c1,100,OTHER,"Phase: 8 miles off course. Actor: ATC, First Officer, Crew. Trigger: Mistake. System: KP12E and KP21E. Outcome: flew approximately 8 miles off course before being corrected by ATC.",UNK,Unknown / Low Confidence,0.3608331084251404,Low Confidence
1349e556-c334-46a8-9a63-d7129ccbf98d,101,OTHER,Phase: cruise. Actor: Captain. Trigger: an Near Mid Air Collision with a Unmanned Aircraft System. System: Unmanned Aircraft System. Outcome: No evasive action was taken.,AMAN,Abrupt maneuvre,0.48889225721359253,Embedding
aed03b80-0f31-46c4-8643-2400683d655c,102,OTHER,Phase: Approach. Actor: Instructor. Outcome: discontinued its approach.,UNK,Unknown / Low Confidence,0.26040178537368774,Low Confidence
50651220-67ac-4422-87b7-880036e15e26,103,OTHER,"Phase: Class D. Actor: UH-60 helicopter. Trigger: non communicating UH-60 helicopter. System: UH-60 helicopter. Outcome: Collision, Near Mid Air Collision.",MAC,"Airprox, ACAS alerts, loss of separation, near collisions between aircraft",0.41299355030059814,Embedding
536a80e2-629d-48e8-ad94-2b7bacea9843,104,OTHER,Phase: Approach. Actor: Pilot. System: ASOS. Outcome: ZAB Center is unable to issue the approach.,UNK,Unknown / Low Confidence,0.3534475564956665,Low Confidence
52619fd2-01d1-4ef8-b647-fa7e17b75ad7,105,OTHER,Phase: Near Mid Air Collision. Actor: helicopter. Trigger: a helicopter passed close by. System: J3 Cub. Outcome: an Near Mid Air Collision.,CFIT,"Inflight collision or near collision with terrain, water, or obstacle without indication of loss of control",0.5102009773254395,Embedding
4e818aee-b240-404c-a0ce-5fae90d54876,106,OTHER,"Phase: initial approach. Actor: ATC, Pilot. Trigger: ATC issued a low altitude alert. System: B737-800. Outcome: unstable approach and go-around.",AMAN,Abrupt maneuvre,0.42663106322288513,Embedding
6ac16115-6474-4d02-9990-beba96069fda,107,OTHER,"Actor: Pilot. Trigger: an aircraft that turned in front of them. Outcome: Collision, Near Mid Air Collision.",CFIT,"Inflight collision or near collision with terrain, water, or obstacle without indication of loss of control",0.47149330377578735,Embedding
df5163ee-a354-4953-8bbd-996aaadea31c,108,OTHER,Phase: cruise flight. Actor: Pilot. Trigger: airborne conflict with a Unmanned Aircraft System. System: Unmanned Aircraft System. Outcome: No evasive action was taken.,AMAN,Abrupt maneuvre,0.479038268327713,Embedding
713c7ef9-9d86-4515-8491-b865ab831f0b,109,OTHER,"Phase: departure. Actor: Controller, Crew. Trigger: Traffic.",UNK,Unknown / Low Confidence,0.3850867450237274,Low Confidence
800d35e2-9c01-4d60-b80d-e30e813e3daa,110,OTHER,"Phase: landing. Actor: ATC, Crew, Captain. Trigger: selecting an improper altimeter setting. System: altimeter setting.",UNK,Unknown / Low Confidence,0.38991254568099976,Low Confidence
c6482e62-e51d-4800-8fb5-d2edc3a06dbb,111,OTHER,"Phase: Landing, Approach, Final Approach. Actor: ATC, Crew, Captain.",UNK,Unknown / Low Confidence,0.3761887550354004,Low Confidence
a1803239-5c69-411b-bf7b-8798d8f5aefb,112,OTHER,Phase: Landing. Actor: Pilot. Trigger: a helicopter. System: helicopter. Outcome: near miss with a helicopter.,LOC-I,Loss of control - inflight,0.47777050733566284,Embedding
05fa7bb1-9e26-473a-b504-c76e495ed8d1,113,OTHER,Phase: approach. Actor: Crew. Trigger: an Resolution Advisory. Outcome: an Resolution Advisory.,UNK,Unknown / Low Confidence,0.28880494832992554,Low Confidence
4ac2f60b-16e9-437a-9352-abca88bafb79,114,OTHER,Phase: GPS-A. Actor: Pilot. Trigger: N90 TRACON reluctance to clear aircraft. System: N90 TRACON.,UNK,Unknown / Low Confidence,0.34021851420402527,Low Confidence
b3777e9e-6deb-4754-9f37-b3ebb392da64,115,OTHER,"Phase: cruise. Actor: Pilot. Trigger: near miss during cruise. Outcome: Near Miss, Collision.",TURB,Turbulence encounter,0.44582244753837585,Embedding
2cf305ea-68ef-4f84-a3d4-23e82b7b1ef8,116,OTHER,"Phase: pattern. Actor: ATC, Pilot. Trigger: Traffic. Outcome: successfully went around.",AMAN,Abrupt maneuvre,0.43354958295822144,Embedding
8922e750-2d28-45f2-9d99-87c1df7d39fe,117,OTHER,"Phase: final approach. Actor: ATC, Crew. Trigger: traffic conflict. Outcome: an ATC-directed go around.",MAC,"Airprox, ACAS alerts, loss of separation, near collisions between aircraft",0.4012172222137451,Embedding
5eaf4319-c941-4122-8b3c-fd171b3b9b3b,118,OTHER,Phase: final approach stage. Actor: Captain. Trigger: final approach stage. Outcome: final approach stage.,UNK,Unknown / Low Confidence,0.2895817160606384,Low Confidence
891567a8-51f7-4576-90e5-94bb7f3fefe9,119,OTHER,Phase: descended below its assigned altitude and flew below the Minimum IFR Altitude. Actor: Controller. Trigger: an aircraft descended below its assigned altitude. Outcome: descended below its assigned altitude and flew below the Minimum IFR Altitude.,LOC-I,Loss of control - inflight,0.4649122953414917,Embedding
fe2ff7f1-746a-48cf-ab1e-d23fdfd2166e,120,OTHER,"Phase: landing. Actor: Pilot, Captain. Trigger: CG being too far forward. Outcome: firm touchdown.",LOC-I,Loss of control - inflight,0.4001830220222473,Embedding
f4e9c065-2fed-4d77-b561-fcbbbfce6ddd,121,OTHER,"Phase: initial climb out. Actor: Student, Pilot. Trigger: Near Mid Air Collision. System: Near Mid Air Collision. Outcome: Near Mid Air Collision.",CFIT,"Inflight collision or near collision with terrain, water, or obstacle without indication of loss of control",0.5218179225921631,Embedding
67eb69a5-da91-4355-a7d9-37a7c494687c,122,OTHER,Phase: final approach below 500 AFE. Actor: Captain. Trigger: Conflict. Outcome: a go-around.,UNK,Unknown / Low Confidence,0.28862613439559937,Low Confidence
84bcfc57-de2a-4051-af40-daa77f39c8c4,123,OTHER,"Phase: RNAV approach glide path. Actor: Crew, Captain. Trigger: the aircraft was relatively high on the PAPIs.",UNK,Unknown / Low Confidence,0.3940555453300476,Low Confidence
cbe2fb8b-6fae-48c7-98c8-592e3908547a,124,OTHER,Phase: flying above 400 feet AGL. System: Unmanned Aircraft System.,UNK,Unknown / Low Confidence,0.37425315380096436,Low Confidence
f2fd4bd8-967c-45af-81de-29924f37569b,125,OTHER,Phase: VFR. Actor: Controller.,UNK,Unknown / Low Confidence,0.3605606257915497,Low Confidence
828dde3b-ea8c-4a97-9f70-dfdb5f1d0fe1,126,OTHER,Phase: approach. Actor: Controller.,UNK,Unknown / Low Confidence,0.2556866705417633,Low Confidence
35bbe6e0-25cb-494b-b265-3140af7816a4,127,OTHER,Phase: toward terrain. Actor: Pilot. Trigger: flight toward terrain.,WSTRW,Windshear or thunderstorm.,0.4551661014556885,Embedding
c786d0b1-7718-48d0-9b11-149d925a52ae,128,OTHER,Phase: landing. Actor: Instructor. Trigger: Near Mid Air Collision event. Outcome: avoided a collision.,CFIT,"Inflight collision or near collision with terrain, water, or obstacle without indication of loss of control",0.5520691871643066,Embedding
1c6b76b6-ffd5-4b8c-babe-f5ac7848e743,129,OTHER,Phase: Minimum Vectoring Altitude. Actor: Controller. Outcome: one of them flying below the Minimum Vectoring Altitude.,LOC-I,Loss of control - inflight,0.456256240606308,Embedding
02fbb37c-f02a-48dd-aa68-8b77253d33cb,130,OTHER,"Phase: traffic pattern. Actor: ATC, Instructor. Trigger: Near Mid Air Collision event. Outcome: Near Mid Air Collision event.",MAC,"Airprox, ACAS alerts, loss of separation, near collisions between aircraft",0.5555222034454346,Embedding
1859b398-8c09-4e56-8591-a4c3684002d3,131,OTHER,"Phase: Controlled Flight Into Terrain. Actor: Student, Instructor. Trigger: while performing eights on pylons maneuvers. System: Controlled Flight Into Terrain. Outcome: eights.",WSTRW,Windshear or thunderstorm.,0.4549712538719177,Embedding
1ad96b3d-ca4b-4bae-b864-82e4681588e3,132,OTHER,"Phase: final approach that was a visual straight-in. Actor: ATC, Crew, Captain. Outcome: visual straight-in.",UNK,Unknown / Low Confidence,0.38019871711730957,Low Confidence
0ccf0835-9d61-40eb-870e-e05e4ec947db,133,OTHER,"Phase: training. Actor: Student, Instructor. Trigger: a helicopter. System: helicopter. Outcome: Near Miss.",LOC-I,Loss of control - inflight,0.4289471507072449,Embedding
c785c3c1-a160-4de1-b227-91ff5a242b39,134,OTHER,Phase: Minimum Vectoring Altitude. Actor: Controller.,UNK,Unknown / Low Confidence,0.3778765797615051,Low Confidence
94db84a2-6063-4263-969a-4beabd46502f,135,OTHER,Phase: Controlled Flight Into Terrain. Actor: Crew. Trigger: Controlled Flight Into Terrain event. Outcome: Controlled Flight Into Terrain.,CFIT,"Inflight collision or near collision with terrain, water, or obstacle without indication of loss of control",0.5053152441978455,Embedding
138b15b8-554f-4f97-8655-3f9e335d0506,136,OTHER,Phase: Controlled Flight Into Terrain. Actor: Captain. Trigger: Controlled Flight Into Terrain event. Outcome: Controlled Flight Into Terrain.,CFIT,"Inflight collision or near collision with terrain, water, or obstacle without indication of loss of control",0.5155596733093262,Embedding
069c137c-c800-4dab-b54d-366a7896ee7e,137,OTHER,"Phase: approach. Actor: ATC, Crew. Trigger: descended below the published minimums. Outcome: low altitude alert from ATC. Flight crew corrected and continued to landing.",LOC-I,Loss of control - inflight,0.44304603338241577,Embedding
80c43bd2-9467-4fbc-bac8-50990c81938d,138,OTHER,Phase: Taxi. Actor: Captain. Trigger: taxi chart discrepancy.,UNK,Unknown / Low Confidence,0.21715696156024933,Low Confidence
44ca0a33-85a4-4385-862e-5a539c619400,139,OTHER,Trigger: a flight not equipped with ozone converters. System: ozone converters.,MAC,"Airprox, ACAS alerts, loss of separation, near collisions between aircraft",0.4123915433883667,Embedding
976a3b33-bbe2-4bda-8a1b-2482f4d52124,140,OTHER,Phase: descending on approach. Actor: Crew. Outcome: being below glidepath and a Caution Obstacle alert.,TURB,Turbulence encounter,0.42857348918914795,Embedding
7a5ba972-bffe-4837-8cb3-2437a8752f7f,141,OTHER,"Phase: single engine approach circle. Actor: Pilot, Tower. Trigger: an aircraft loss of control. System: PA-44. Outcome: landed without a landing clearance from the tower.",LOC-I,Loss of control - inflight,0.4909924268722534,Embedding
0cb99270-b356-4bf8-afed-7ec059d83cd7,142,OTHER,"Phase: departure. Actor: ATC, Pilot, Captain. Trigger: excessive bank angle. Outcome: continued the flight.",UIMC,Unintended flight in IMC,0.47848016023635864,Embedding
ea14a464-af6b-48f7-a11a-77ef088ebbdf,143,OTHER,Phase: descended. Actor: First Officer.,UNK,Unknown / Low Confidence,0.3095121383666992,Low Confidence
70d4798d-8dc6-4c85-b71e-0822ad2c2bd6,144,OTHER,Phase: cruise. Actor: Pilot. Trigger: Controlled Flight Into Terrain event. System: aircraft control. Outcome: temporary loss of aircraft control and a Controlled Flight Into Terrain event.,CFIT,"Inflight collision or near collision with terrain, water, or obstacle without indication of loss of control",0.5278342366218567,Embedding
9d95abd3-0c6a-4381-b016-b638fd3acf17,145,OTHER,Phase: cruise. Actor: ATC. System: Radio.,UNK,Unknown / Low Confidence,0.3847416341304779,Low Confidence
32fd209e-0fee-4957-be72-4bdc8c0d35d7,146,OTHER,Phase: vectoring altitude. Actor: ATC. Outcome: below the minimum vectoring altitude.,UNK,Unknown / Low Confidence,0.3807429075241089,Low Confidence
98ff5790-0e13-4f20-a7eb-3f082b0c0159,147,OTHER,"Actor: ATC, Crew. System: ATC.",UNK,Unknown / Low Confidence,0.300686240196228,Low Confidence
27e16dba-cc26-4013-8e5d-87746de30a73,148,OTHER,"Phase: descending rapidly. Actor: Controller, Tower. Trigger: aircraft descending rapidly and being issued a low altitude alert. Outcome: aircraft descending rapidly and being issued a low altitude alert.",LOC-I,Loss of control - inflight,0.4429547190666199,Embedding
9440300f-1cd0-4707-82f6-098395e38456,149,OTHER,"Phase: final approach. Actor: ATC, Captain. Trigger: low altitude alert. Outcome: final approach.",AMAN,Abrupt maneuvre,0.412092387676239,Embedding
c2ca6fa7-896e-4c40-90e3-6ef9e6f0971b,150,OTHER,"Phase: final approach. Actor: ATC, Crew, Pilot. Trigger: an aircraft flying near the final approach area and not in communication with ATC. System: Traffic Collision Avoidance System. Outcome: Air taxi flight crew was vectored back for approach and landed.",AMAN,Abrupt maneuvre,0.4383154511451721,Embedding
8ee902b8-b34f-4aae-956f-07c30f6503fb,151,OTHER,Phase: altitude. Actor: First Officer. Trigger: altitude overshoot. System: CRJ-700. Outcome: GPWS alert and a Controlled Flight Into Terrain event.,TURB,Turbulence encounter,0.4561936855316162,Embedding
64352009-ed3f-40cc-be39-053723b3bbfb,152,OTHER,"Phase: Climb. Actor: Controller, Pilot. Trigger: C172 was not able to climb to altitude. System: C172. Outcome: MVA met.",UNK,Unknown / Low Confidence,0.3773343563079834,Low Confidence
b7df16e3-ef8d-402d-ae46-b071372b94bd,153,OTHER,Phase: practice approach. Actor: Pilot. Trigger: another aircraft reported that they flew right over them. Outcome: Collision.,WSTRW,Windshear or thunderstorm.,0.44733497500419617,Embedding
397e3d13-6769-4c7a-a46c-39b4ccb8156e,154,OTHER,Phase: VFR. Actor: Captain. Outcome: Near Mid Air Collision.,UIMC,Unintended flight in IMC,0.41367557644844055,Embedding
2eca24dd-3434-441d-8a86-3e37d38836d9,155,OTHER,Phase: late. Actor: Crew. Trigger: they turned base early. Outcome: unstabilized approach and late aircraft configuration.,WSTRW,Windshear or thunderstorm.,0.4065418541431427,Embedding
7d7e55ce-edff-497f-bf54-c5f2c0e3204a,156,OTHER,Phase: Approach. Actor: Crew. Outcome: descended.,UNK,Unknown / Low Confidence,0.29864799976348877,Low Confidence
a1891192-4bbd-4753-9345-9c94877696b6,157,OTHER,Actor: First Officer. Trigger: unmanifested DG had been loaded onboard. System: DG. Outcome: The flight landed normally at destination.,UNK,Unknown / Low Confidence,0.3670838177204132,Low Confidence
afa21261-baa4-4d9c-a01c-5d55375a93dc,158,OTHER,"Phase: takeoff. Actor: Tower, Instructor. Trigger: Conflict, Traffic. Outcome: Near Miss.",UNK,Unknown / Low Confidence,0.3949025273323059,Low Confidence
3377f147-e37a-4692-89fe-f51401c73346,159,OTHER,Phase: below the Minimum Vectoring Altitude. Actor: Controller. Trigger: an aircraft deviated from the SID. Outcome: flew below the Minimum Vectoring Altitude.,LOC-I,Loss of control - inflight,0.4787185788154602,Embedding
4d2c97a3-8283-48ea-b166-f5c5339dd1ab,160,OTHER,Actor: Captain.,UNK,Unknown / Low Confidence,0.1490744948387146,Low Confidence
8a479322-5cdd-4b78-a8da-116ee70f54f7,161,OTHER,System: Unmanned Aircraft System.,UNK,Unknown / Low Confidence,0.395332396030426,Low Confidence
1507949f-5069-4751-94e1-028816407934,162,OTHER,Phase: departing. Actor: Controller. Outcome: flew below the Minimum IFR Altitude.,LOC-I,Loss of control - inflight,0.4866182208061218,Embedding
2f52c07e-0a9e-41d1-84ff-669be1b487af,163,OTHER,Phase: B767. Actor: Crew. Trigger: lightning strike followed by multiple electrical malfunctions and electrical burning smells. System: B767. Outcome: a diversion.,UNK,Unknown / Low Confidence,0.34423112869262695,Low Confidence
6343706a-7286-429a-8474-3f0d863bc256,164,OTHER,"Phase: initial climb from a non-towered airport reported a Near Mid Air Collision. Actor: Student, Pilot. Trigger: a helicopter flying through the pattern not communicating on CTAF. System: helicopter. Outcome: Near Mid Air Collision.",CFIT,"Inflight collision or near collision with terrain, water, or obstacle without indication of loss of control",0.519305944442749,Embedding
a3b37e69-2f91-4446-8ec3-aa71b16d450d,165,OTHER,Actor: Pilot. Trigger: airborne conflict with a helicopter. System: Unmanned Aircraft System. Outcome: The Unmanned Aircraft System avoided the helicopter.,CFIT,"Inflight collision or near collision with terrain, water, or obstacle without indication of loss of control",0.44179707765579224,Embedding
aa61550d-26f5-49cb-a9c9-b41077847422,166,OTHER,"Phase: approach. Actor: Crew, Captain. Trigger: being below glidepath and using the wrong altimeter setting. Outcome: returned to land.",WSTRW,Windshear or thunderstorm.,0.40409719944000244,Embedding
79c89740-b371-4213-95b7-5d5a0069c4ff,167,OTHER,Phase: controlled airspace. Actor: Pilot. System: Unmanned Aircraft System.,MAC,"Airprox, ACAS alerts, loss of separation, near collisions between aircraft",0.43007105588912964,Embedding
7a5ddb08-97f0-4232-a8ef-fac121b67ff7,168,OTHER,Actor: Captain. Trigger: a helicopter. Outcome: Near Mid Air Collision.,UNK,Unknown / Low Confidence,0.3767564296722412,Low Confidence
70536580-edea-493b-941b-c36b0757c2ba,169,OTHER,Phase: Light. Actor: Pilot. System: ADSB Out. Outcome: Near Mid Air Collision.,MAC,"Airprox, ACAS alerts, loss of separation, near collisions between aircraft",0.46015381813049316,Embedding
90d933bf-ab8d-4d44-af84-6bbaee78d06f,170,OTHER,"Actor: ATC, Crew. Trigger: Traffic. Outcome: the flight crew taking evasive action to avoid a collision with the other aircraft.",AMAN,Abrupt maneuvre,0.4785672426223755,Embedding
7848e04a-ad07-46ac-a733-15c7b194e7c5,171,OTHER,Phase: initial climb. Actor: Pilot. Trigger: air carrier. System: air carrier. Outcome: departed an intersecting runway.,RI,"Runway incursion - vehicle, aircraft or person",0.5182529091835022,Embedding
bc7102a8-7120-4785-9452-15398d57bc69,172,OTHER,"Phase: mid air. Actor: ATC, Pilot. Trigger: near mid air collision with another aircraft. Outcome: Collision.",MAC,"Airprox, ACAS alerts, loss of separation, near collisions between aircraft",0.5530105829238892,Embedding
